date,username,content,reply_count,retweet_count,like_count,view_count,tweet_url,quote_of,total_engagement
2025-10-13 06:02:56+00:00,daisytari,"Jalanin proyek MBG yang makan banyak dana bisa, tapi bikin aturan biar guru honorer digaji layak ngga bisa.

Tutup mata tutup telinga, tone deaf final boss.",0,0,0,2,https://x.com/daisytari/status/1977616021851881581,https://x.com/barengwarga/status/1977578457908617320,0
2025-10-13 05:47:23+00:00,aulianarina,Supaya guru-guru kita bisa fokus mengajar dan nggak bingung cari sampingan buat memenuhi kebutuhan hidup sehari-hari.,0,0,0,2,https://x.com/aulianarina/status/1977612108432109918,https://x.com/barengwarga/status/1977578457908617320,0
2025-10-13 04:28:10+00:00,bbubblieboo,"kemarin baru dikasih tau ibuku, guru olahraga adekku digaji dengan uang iuran para wali murid. kebetulan adekku sekolah di sd negeri, isi siswanya cuma 80, iuran yang dibebankan 10 ribu per siswa. jadi, gurunya cuma dapat gaji 800 ribu/bulan, itu jg kalau iurannya tertib.",1,0,0,28,https://x.com/bbubblieboo/status/1977592172674535690,https://x.com/barengwarga/status/1977578457908617320,1
2025-10-13 04:19:04+00:00,ecosocrights,Sementara mrk membayar fasilitas pada anggota DPR sampai kelebihan RP54 juta.,0,0,0,108,https://x.com/ecosocrights/status/1977589884564164872,https://x.com/barengwarga/status/1977578457908617320,0
2025-10-13 04:34:36+00:00,haemoouu,Wkwkwkwwk lucu banget sihh orang-orang di negara ini,0,0,0,5,https://x.com/haemoouu/status/1977593790711079056,https://x.com/barengwarga/status/1977222585965519225,0
2025-10-13 01:29:00+00:00,dpika95,akan taik pada waktu nya,0,0,0,8,https://x.com/dpika95/status/1977547084611178773,https://x.com/barengwarga/status/1977222585965519225,0
2025-10-13 01:09:07+00:00,scaramowch,Ntar gk kepilih jd wapres...ngambek lagi,0,0,0,55,https://x.com/scaramowch/status/1977542078541480441,https://x.com/barengwarga/status/1977222585965519225,0
2025-10-13 00:52:50+00:00,Jamrd_fuzui,"Memang susah kalau apa apa sudah di politisasi, apalagi politisasi untuk kepentingan pribadi (sebagai contoh demi kekuasaan). Namun perlu di ingat bahwa tidak semua proses politisasi itu buruk, dalam sepak bola memang banyak klub yang tergantung pada APBD.",1,0,0,24,https://x.com/Jamrd_fuzui/status/1977537982254162138,https://x.com/barengwarga/status/1977222585965519225,1
2025-10-13 00:21:40+00:00,tytytyonly,"“Jangan campurkan olahraga dengan politik!”Kata orang yang dulu justru membawa olahraga ke panggung kampanye pilpres.

Hasilnya? Jadi Ketua Umum PSSI merangkap Menpora (sbelumnya rangkap sama BUMN)",0,0,0,35,https://x.com/tytytyonly/status/1977530139098718634,https://x.com/barengwarga/status/1977222585965519225,0
2025-10-12 10:27:50+00:00,brownbearhc,omon omon sj,0,0,0,16,https://x.com/brownbearhc/status/1977320298409239011,https://x.com/barengwarga/status/1977222585965519225,0
2025-10-12 10:20:51+00:00,fatihappening19,"everything is political, sire

even the breath that you take",0,0,0,76,https://x.com/fatihappening19/status/1977318539964166470,https://x.com/barengwarga/status/1977222585965519225,0
2025-10-12 09:06:35+00:00,Lotuschovlte_,YaAllah ini berdua semakin blunder biar semakin kena azab yaAllah,0,0,0,34,https://x.com/Lotuschovlte_/status/1977299849474437481,https://x.com/barengwarga/status/1977222585965519225,0
2025-10-12 08:09:43+00:00,Ascan155885,Jangan dipercaya....,0,0,0,20,https://x.com/Ascan155885/status/1977285538119139804,https://x.com/barengwarga/status/1977222585965519225,0
2025-10-12 08:04:23+00:00,Nurpiana_12,:v,0,0,0,23,https://x.com/Nurpiana_12/status/1977284198680740339,https://x.com/barengwarga/status/1977222585965519225,0
2025-10-12 07:13:30+00:00,gamecieless_,"mirip kek orang Batak persis yang rewel pas ada boikot atlete Israel by Pramono bilangnya gitu juga ""jangan campurin sepakbola dengan politik""",0,0,0,82,https://x.com/gamecieless_/status/1977271393197937093,https://x.com/barengwarga/status/1977222585965519225,0
2025-10-12 04:54:25+00:00,OrmusRex,TOHIR KENTOT,0,0,0,145,https://x.com/OrmusRex/status/1977236390430822606,https://x.com/barengwarga/status/1977222585965519225,0
2025-10-12 04:47:33+00:00,SmudgeStan,"makanya teman-teman penyuka olahraga, jangan biarkan olahraga favorit kita disusupi politisi. acungkan jari tengah kepada mereka dan katakan, ""PERGI LO ANJING""",0,4,0,432,https://x.com/SmudgeStan/status/1977234662188880139,https://x.com/barengwarga/status/1977222585965519225,4
2025-10-12 04:31:43+00:00,Dear6__,Prettt... moment,0,0,0,171,https://x.com/Dear6__/status/1977230677008675040,https://x.com/barengwarga/status/1977222585965519225,0
2025-10-12 04:20:44+00:00,hagipheri1,"Basis fans timnas itu besar banget padahal ya. Kalau mereka mau, bisa banget tuntut revolusi federasi. Tapi ya gitu, besar omong di medsos aja. Itupun kalau pas kalah. Kalau menang ya lupa lagi yang jelek2.",1,0,0,233,https://x.com/hagipheri1/status/1977227912920392062,https://x.com/barengwarga/status/1977222585965519225,1
2025-10-12 04:02:45+00:00,RedHalberdier,@erickthohir,0,7,0,8256,https://x.com/RedHalberdier/status/1977223388386181525,https://x.com/barengwarga/status/1977222585965519225,7
2025-10-12 04:02:08+00:00,yaeskaya,olahraga is so influenced by politics it often hurts the best athletes,2,1243,0,87544,https://x.com/yaeskaya/status/1977223231498338758,https://x.com/barengwarga/status/1977222585965519225,1245
2025-10-11 21:38:25+00:00,akoemala,Trus udah dibalikin?,0,0,0,151,https://x.com/akoemala/status/1977126668793004530,https://x.com/barengwarga/status/1977010229130019173,0
2025-10-11 18:01:38+00:00,solamaxxing,di negara ini doang,0,0,0,149,https://x.com/solamaxxing/status/1977072113145311266,https://x.com/barengwarga/status/1977010229130019173,0
2025-10-11 17:03:17+00:00,nenaissance,kok masuk akalllllll,0,0,0,85,https://x.com/nenaissance/status/1977057427528073301,https://x.com/barengwarga/status/1977010229130019173,0
2025-10-11 16:00:06+00:00,piyopikavet,Cuk gobloge ta lah..,0,0,0,374,https://x.com/piyopikavet/status/1977041527085129772,https://x.com/barengwarga/status/1977010229130019173,0
2025-10-11 15:31:13+00:00,Naamericano_,"sakit kepala banget, dikembalikan semuanya dong :)",0,0,0,116,https://x.com/Naamericano_/status/1977034259455168813,https://x.com/barengwarga/status/1977010229130019173,0
2025-10-11 14:02:24+00:00,nanofolds,pemerintah kalau bikin alasan gak pernah bagusan dikit,0,0,0,64,https://x.com/nanofolds/status/1977011907174580539,https://x.com/barengwarga/status/1977010229130019173,0
2025-10-12 21:31:40+00:00,AmeriaFirdauzy,Setan minder lihatnya ,0,0,0,9,https://x.com/AmeriaFirdauzy/status/1977487356627464455,https://x.com/barengwarga/status/1976927348298858844,0
2025-10-12 11:26:00+00:00,vlnerasanentur,Wa kafa Billahi Syahida,0,0,0,11,https://x.com/vlnerasanentur/status/1977334937541079221,https://x.com/barengwarga/status/1976927348298858844,0
2025-10-12 10:16:36+00:00,anomyhae,Mau polis dan keluarganya tuh kebanyakan sama- sama brengseknya.,0,0,0,12,https://x.com/anomyhae/status/1977317469955203365,https://x.com/barengwarga/status/1976927348298858844,0
2025-10-12 08:37:25+00:00,riarizkiy,"VIRALIN
PROSES HUKUM
PECAT",0,0,0,22,https://x.com/riarizkiy/status/1977292508829999111,https://x.com/barengwarga/status/1976927348298858844,0
2025-10-12 07:52:42+00:00,Qomar2510,@ListyoSigitP,0,0,0,6,https://x.com/Qomar2510/status/1977281258637111473,https://x.com/barengwarga/status/1976927348298858844,0
2025-10-12 01:08:48+00:00,Toha_ART,Takdir,0,0,0,5,https://x.com/Toha_ART/status/1977179611781120332,https://x.com/barengwarga/status/1976927348298858844,0
2025-10-12 00:30:52+00:00,BerbagiHikmah2,"Kok, para penwgak hukum kita, isinya hanya orang2 yang mentalnya sudah bobrok semua?!",0,0,0,12,https://x.com/BerbagiHikmah2/status/1977170065054482828,https://x.com/barengwarga/status/1976927348298858844,0
2025-10-12 00:05:37+00:00,Dian_Supolo,"Cc 
@Divpropam",0,0,0,56,https://x.com/Dian_Supolo/status/1977163709853405563,https://x.com/barengwarga/status/1976927348298858844,0
2025-10-11 23:06:26+00:00,JHLuxDrift,"Seorang anak 16 tahun di Maluku diperkosa polisi. Korban diancam untuk cabut laporan. Pelakunya belum ditahan, padahal laporan udah masuk sejak 22 September.

Sementara kita selama ini bisa langsung ditangkap dan ditetapkan tersangka secara serampangan.

Hukum kita memang cepet x.com/txtdrimedia/st…",0,0,0,46,https://x.com/JHLuxDrift/status/1977148818887262677,https://x.com/barengwarga/status/1976927348298858844,0
2025-10-11 22:08:07+00:00,meow_get,"Kita mau percaya gimana lagi? Yg katanya motto mereka tuh pelindung rakyat, tapi nyatanya kek gini.",0,0,0,13,https://x.com/meow_get/status/1977134142824624178,https://x.com/barengwarga/status/1976927348298858844,0
2025-10-11 16:36:05+00:00,lordalwayslord,"Seorang anak 16 tahun di Maluku diperkosa polisi. Korban diancam untuk cabut laporan. Pelakunya belum ditahan, padahal laporan udah masuk sejak 22 September.

Sementara kita selama ini bisa langsung ditangkap dan ditetapkan tersangka secara serampangan.

Hukum kita memang cepet x.com/txtdrimedia/st…",0,0,0,15,https://x.com/lordalwayslord/status/1977050581870297322,https://x.com/barengwarga/status/1976927348298858844,0
2025-10-11 15:22:07+00:00,ikoniyc,najissssssss cuihhh najisss biadab,0,0,0,54,https://x.com/ikoniyc/status/1977031967926608118,https://x.com/barengwarga/status/1976927348298858844,0
2025-10-11 11:11:24+00:00,Mi73Hel,"Ayo Mas 
@ahriesonta
 @KaredokLeunca__",0,0,0,47,https://x.com/Mi73Hel/status/1976968872550187180,https://x.com/barengwarga/status/1976927348298858844,0
2025-10-11 10:58:34+00:00,41m4ry,#ACAB,0,0,0,47,https://x.com/41m4ry/status/1976965644169191802,https://x.com/barengwarga/status/1976927348298858844,0
2025-10-11 10:53:56+00:00,innpurities,"WHAT THE ACTUAL FUCK???? Najis banget sama pelaku pelecehan seksual, najis banget sama pedofil, sepanas panasnya neraka, paling panas harus jadi tempat mereka",0,4,0,313,https://x.com/innpurities/status/1976964476516942063,https://x.com/barengwarga/status/1976927348298858844,4
2025-10-11 10:41:23+00:00,iceandacez,Kalo ga dpt ganjaran setimpal biarin tongkolnya bengkok,0,0,0,69,https://x.com/iceandacez/status/1976961318705045559,https://x.com/barengwarga/status/1976927348298858844,0
2025-10-11 10:35:01+00:00,caramellokaaye,"diperkosa polisi, diancam cabut laporan, pelaku belum ditahan",0,3,0,175,https://x.com/caramellokaaye/status/1976959718951469446,https://x.com/barengwarga/status/1976927348298858844,3
2025-10-11 09:45:03+00:00,ammanyaazzam,"Ga semua sih, tapi seringnya ya mereka",0,0,0,45,https://x.com/ammanyaazzam/status/1976947143916290158,https://x.com/barengwarga/status/1976927348298858844,0
2025-10-11 09:38:23+00:00,Smart_O_,"@prabowo
 gamang reformasi Polri setelah ketemu Mulyono. 

Kemarin ada yg dilantik, tim reformasi malah ditinggal. Padahal kmrn rencana hbs pulang dr LN.
@Gerindra
 

Mau ngomong bukan boneka tp yg tampak ga bisa ditampik. ",0,0,0,52,https://x.com/Smart_O_/status/1976945464521245007,https://x.com/barengwarga/status/1976927348298858844,0
2025-10-11 08:45:06+00:00,bolehdidonasiin,Capek banget liat kelakuan ACAB,0,0,0,268,https://x.com/bolehdidonasiin/status/1976932056971329558,https://x.com/barengwarga/status/1976927348298858844,0
2025-10-10 20:13:45+00:00,deltskr,Ini.,0,0,0,19,https://x.com/deltskr/status/1976742971317141768,https://x.com/barengwarga/status/1976673238433587430,0
2025-10-10 13:44:42+00:00,BudiBukanIntel,Masih berlangsung aksi solidaritas kawan kawan yang dikriminalisasi di Bandung ,2,142,0,10324,https://x.com/BudiBukanIntel/status/1976645065461449097,https://x.com/barengwarga/status/1976636771703341545,144
2025-10-10 01:46:30+00:00,awkachaw,Gula semua,0,0,0,25,https://x.com/awkachaw/status/1976464322294624674,https://x.com/barengwarga/status/1976346358266445950,0
2025-10-10 00:47:04+00:00,epiphanyjeen,,0,0,0,222,https://x.com/epiphanyjeen/status/1976449367633691041,https://x.com/barengwarga/status/1976346358266445950,0
2025-10-09 22:43:49+00:00,bukufantasi,gula semua bjirrr,0,0,0,125,https://x.com/bukufantasi/status/1976418349451182265,https://x.com/barengwarga/status/1976346358266445950,0
2025-10-09 22:40:05+00:00,hagipheri1,Nah kan ternyata di daerah lain juga,0,0,0,53,https://x.com/hagipheri1/status/1976417409696399734,https://x.com/barengwarga/status/1976346358266445950,0
2025-10-09 21:26:33+00:00,MyfavMeerkat,"Snack tinggi natrium, susu tinggi gula, ga ngenyangin pun krn protein dlm bentuk realfood gada. Gile.",0,0,0,58,https://x.com/MyfavMeerkat/status/1976398905672933752,https://x.com/barengwarga/status/1976346358266445950,0
2025-10-10 10:04:27+00:00,luvegamin,tipikal boomer wkwk,0,0,0,18,https://x.com/luvegamin/status/1976589637608169785,https://x.com/barengwarga/status/1976335892773278124,0
2025-10-10 02:18:14+00:00,helmi_stbd,Tipikal pecundang boomer yang malu ngakuin mereka itu bisa curhat di medsos tapi gengsian buat curhat di medsos kaya gen z jadilah pecundang gashligting ini...,0,0,0,67,https://x.com/helmi_stbd/status/1976472308601717100,https://x.com/barengwarga/status/1976335892773278124,0
2025-10-09 22:34:40+00:00,callmeeprisss,Menteri tuh ga pernah di-PR training kah? Buat statement sampah terus,0,0,0,24,https://x.com/callmeeprisss/status/1976416047457833038,https://x.com/barengwarga/status/1976335892773278124,0
2025-10-09 10:02:52+00:00,MyfavMeerkat,Wkwkwkwkw bukan pun bantu harusnya bs koordinasi ke tmnnya yg di kantor ga sih. ini mah apa atuh keburi ditolak duluan ah bintan 1/5 aja mls,0,0,0,38,https://x.com/MyfavMeerkat/status/1976226850868428898,https://x.com/barengwarga/status/1976187647065456803,0
2025-10-09 07:45:04+00:00,sesuluk,Ini gif judulnya apa kaka,0,0,0,39,https://x.com/sesuluk/status/1976192171301871731,https://x.com/barengwarga/status/1976185802716741649,0
2025-10-09 07:41:02+00:00,wifeqi,Siap abang seniorku!  x.com/sharpandshark/…,0,0,0,45,https://x.com/wifeqi/status/1976191159446991165,https://x.com/barengwarga/status/1976185802716741649,0
2025-10-10 11:05:50+00:00,WiePind,Mana mau baca,0,0,0,21,https://x.com/WiePind/status/1976605085183742272,https://x.com/barengwarga/status/1976174928807502059,0
2025-10-10 07:19:32+00:00,naufalfalahfal,"Sekarang, polisi baca buku jadi 3 kata lucu. 
Kemunduran kalo melihat sosok Soekanto, Awaluddin Djamin, dan ....

Tito Karnavian.",0,0,0,45,https://x.com/naufalfalahfal/status/1976548134445896110,https://x.com/barengwarga/status/1976174928807502059,0
2025-10-10 06:39:20+00:00,Taetae_Phuphu,"Orang pintar melihat buku dr isinya (dibaca),,, 
Parcok melihat buku dr fisiknya, bisa buat gebuk apa tidak,,, 
Itulah bedanya manusia berilmu dan tidak... ",0,0,0,31,https://x.com/Taetae_Phuphu/status/1976538018283651203,https://x.com/barengwarga/status/1976174928807502059,0
2025-10-10 02:36:56+00:00,Knaz11111,"Rajin baca jadi pintar
Malas baca jadi polisi",0,0,0,58,https://x.com/Knaz11111/status/1976477016032743859,https://x.com/barengwarga/status/1976174928807502059,0
2025-10-10 02:14:32+00:00,bealetic,polisi baca buku wkwkwkwk ngelakuin undang undang aja pake duit,0,0,0,88,https://x.com/bealetic/status/1976471377340400109,https://x.com/barengwarga/status/1976174928807502059,0
2025-10-10 02:07:55+00:00,6666pilgrim,mana mau mereka baca buku.,0,0,0,59,https://x.com/6666pilgrim/status/1976469712201789862,https://x.com/barengwarga/status/1976174928807502059,0
2025-10-09 14:26:34+00:00,ratihhkaaa,padahal acab klo dibalik jd baca ,0,0,0,95,https://x.com/ratihhkaaa/status/1976293213926466044,https://x.com/barengwarga/status/1976174928807502059,0
2025-10-09 13:50:24+00:00,deardiarees,tapi klo suka baca ga jadi polisi,0,0,0,111,https://x.com/deardiarees/status/1976284112052011227,https://x.com/barengwarga/status/1976174928807502059,0
2025-10-09 13:25:33+00:00,JatmikaAj2712,SIAPA TAHU MEREKA MENYITAX KARENA MAU MEMBACAX BU....,0,0,0,71,https://x.com/JatmikaAj2712/status/1976277860164960756,https://x.com/barengwarga/status/1976174928807502059,0
2025-10-09 11:31:54+00:00,alka_crow,Kalo mereka mau baca pasti gak akan jadi polisi bu,0,0,0,373,https://x.com/alka_crow/status/1976249255804404065,https://x.com/barengwarga/status/1976174928807502059,0
2025-10-09 12:36:34+00:00,REISZER0,sad food beneran,0,0,0,20,https://x.com/REISZER0/status/1976265532560359534,https://x.com/barengwarga/status/1976165173871378526,0
2025-10-09 08:18:57+00:00,artchitex,"Lembaga swadaya lebih sigap kasih kanal aduan.

Kapan bikin MusrenbangWatch? 
Bang 
@f_fathur
 @Arctic_Lawyers
 ?",1,0,0,125,https://x.com/artchitex/status/1976200699626303668,https://x.com/barengwarga/status/1976165173871378526,1
2025-10-09 15:31:38+00:00,ainla__,"Mari ulangi:

Demonstrasi adalah hak, bukanlah kejahatan!
Demonstrasi adalah hak, bukanlah kejahatan!
Demonstrasi adalah hak, bukanlah kejahatan! x.com/mfatahilahakba…",0,0,0,6,https://x.com/ainla__/status/1976309589865066596,https://x.com/barengwarga/status/1976164883252343186,0
2025-10-09 13:38:04+00:00,sereinmoony,o,0,0,0,11,https://x.com/sereinmoony/status/1976281006618591665,https://x.com/barengwarga/status/1976164883252343186,0
2025-09-25 11:36:14+00:00,daffaprtma_,1312,0,2,0,21355,https://x.com/daffaprtma_/status/1971176917643710918,https://x.com/barengwarga/status/1971176749997359340,2
2025-09-26 13:00:33+00:00,JOGJAMEMANGGlL,"[SEBUAH UTAS UTK WARGA YANG DITAHAN SECARA SEWENANG-WENANG DI POLDA DIY]

Dari 959 warga di seluruh Indonesia yg menjadi tersangka hanya karena menyuarakan pendapat sepanjang 28 Agustus-1 September 2025, 4 diantaranya merupakan warga yg menyuarakan pendapat di Yogyakarta.",2,83,0,6894,https://x.com/JOGJAMEMANGGlL/status/1971560525764210985,https://x.com/barengwarga/status/1971171456777351173,85
2025-09-26 10:58:41+00:00,dewiidiary,UP,0,0,0,9,https://x.com/dewiidiary/status/1971529855805362248,https://x.com/barengwarga/status/1971171456777351173,0
2025-09-26 06:57:45+00:00,jongoswie,Parcok lgi cuci tangan,0,0,0,8,https://x.com/jongoswie/status/1971469220891529397,https://x.com/barengwarga/status/1971171456777351173,0
2025-09-26 00:49:05+00:00,sakupinkpang,"Negara ini gak aman buat anak banget;

Anak-anak diracun
Anak-anak ditangkepin polisi",0,0,0,10,https://x.com/sakupinkpang/status/1971376446691299550,https://x.com/barengwarga/status/1971171456777351173,0
2025-09-26 00:26:56+00:00,harippe,Edan apa gila ini,0,0,0,46,https://x.com/harippe/status/1971370871962075615,https://x.com/barengwarga/status/1971171456777351173,0
2025-09-25 13:31:32+00:00,ujunoona_,Ngapain njir nangkepin orang2 sebanyak itu?!?!,0,0,0,189,https://x.com/ujunoona_/status/1971205934115586497,https://x.com/barengwarga/status/1971171456777351173,0
2025-09-25 12:52:14+00:00,reembraced,.......,0,0,0,78,https://x.com/reembraced/status/1971196043942559849,https://x.com/barengwarga/status/1971171456777351173,0
2025-09-25 12:46:16+00:00,liebgodt,GILA,0,0,0,285,https://x.com/liebgodt/status/1971194540322324940,https://x.com/barengwarga/status/1971171456777351173,0
2025-09-25 12:10:59+00:00,barengwarga,"959 people have been named suspects 295 of them are children.

The manhunt continues across regions, they will keep being hunted and harassed.

People are still missing, families waiting without answers.

Not to mention the physical injuries and mental exhaustion this situation x.com/NarasiNewsroom…",1,30,0,27446,https://x.com/barengwarga/status/1971185664772407809,https://x.com/barengwarga/status/1971171456777351173,31
2025-09-25 12:03:37+00:00,barengwarga,"Di antara 295 anak yang ditangkap dan dijemput paksa, Farhan adalah salah satunya. Farhan ditangkap secara serampangan paska dituduh melakukan pengrusakan dan penjarahan.

Farhan hanya ingin melanjutkan sekolahnya, namun ia terancam dikeluarkan pihak sekolah akibat penahanan ini.",36,3747,0,254073,https://x.com/barengwarga/status/1971183808134381807,https://x.com/barengwarga/status/1971171456777351173,3783
2025-09-25 11:49:10+00:00,chann_kunnn,Hah? Tersangka? Bukannya dari pihak Parcok yang harusnya banyak jadi tersangka?! Kendaraan dan senjata yang dibeli dari duit rakyat itu melukai dan menewaskan rakyat loh. Kenapa malah rakyatnya yang dijadiin tersangka?! Negara Gak Waras!!!,0,0,0,67,https://x.com/chann_kunnn/status/1971180171589038363,https://x.com/barengwarga/status/1971171456777351173,0
2025-09-25 11:20:24+00:00,_kakakan,Did I read it wrong??? 295 Children?????,1,5,0,8528,https://x.com/_kakakan/status/1971172932539007267,https://x.com/barengwarga/status/1971171456777351173,6
2025-09-25 11:02:25+00:00,MyfavMeerkat,Kan :) kerjasama sama siapa tebak huehuehue,0,0,0,29,https://x.com/MyfavMeerkat/status/1971168408243953746,https://x.com/barengwarga/status/1971168026604281986,0
2025-09-26 16:51:50+00:00,·,"Freaking Yess... Rubber dinghy rapids, bro!",0,0,0,26,https://x.com/jomkomvi/status/1971618728908673519,https://x.com/barengwarga/status/1971165469597216826,0
2025-09-26 16:13:12+00:00,willmfdhdhl,"Mulai nih, mulaiii.....mulaiiiii. Suka banget bikin opini liar yg sengaja mancing orang buat parno.",1,0,0,99,https://x.com/willmfdhdhl/status/1971609007053013493,https://x.com/barengwarga/status/1971165469597216826,1
2025-09-26 13:42:33+00:00,jokimarpaung,"sekadar saran. mungkin bs mulai konsultasi ke rekan seperjuangan prof 
@sociotalker
 (sy diblok) bgm bs hidup tenang/nrimo di bawah pemerintahan yg represif/alergi thd demo, pendukung israel, dan suka memantau pergerakan setiap warganya melalui ponselnya…",0,0,0,40,https://x.com/jokimarpaung/status/1971571093120151912,https://x.com/barengwarga/status/1971165469597216826,0
2025-09-26 12:44:12+00:00,hiddenmist3214,"pede amat dah,",0,0,0,150,https://x.com/hiddenmist3214/status/1971556408312352846,https://x.com/barengwarga/status/1971165469597216826,0
2025-09-26 12:13:58+00:00,gilang52,"Paranoid seperti ini yg kadang bikin geleng² kepala. Surveillance tools ga semurah itu, kecuali ya sekelas kepala negara yg jadi target.",3,1,0,904,https://x.com/gilang52/status/1971548800843223447,https://x.com/barengwarga/status/1971165469597216826,4
2025-09-25 14:31:13+00:00,slimthesa1nt,"Everybody need in this country need to read 1984 fr, this is straight out of orwellian dystopian. Like son, big brother is what Wowo representing himself rn.",0,0,0,64,https://x.com/slimthesa1nt/status/1971220953310036112,https://x.com/barengwarga/status/1971165469597216826,0
2025-09-25 13:40:29+00:00,apakatakamuaja,Ya gimana lg. Itu sumber daya plg tept untuk memantau dan mengendalikan arus. Liat aja kasus MBG ini skrg. Udah mulai di giring isu sabotase. Padahal dr awal yg bnyak turun untuk mncari dapur it adl gol ijo dan coklat,0,0,0,57,https://x.com/apakatakamuaja/status/1971208184372347282,https://x.com/barengwarga/status/1971165469597216826,0
2025-09-25 12:56:15+00:00,duc_of_nowhere,Karya Anak Bangsa(t),0,0,0,105,https://x.com/duc_of_nowhere/status/1971197055747096864,https://x.com/barengwarga/status/1971165469597216826,0
2025-09-25 11:49:26+00:00,helmi_stbd,Techbro cepu...,0,0,0,70,https://x.com/helmi_stbd/status/1971180240929206291,https://x.com/barengwarga/status/1971165469597216826,0
2025-09-25 11:45:55+00:00,MyfavMeerkat,"While u guys here yah. Aku cuma mau ngasih tau negara itu udh sejauh apa sih mesra sm negara kita (terbaru). Jd ya.... Predictable lah kemaren blio ngomong gt.  
instagram.com/p/DOZzTX6E98P/
…",0,1,0,126,https://x.com/MyfavMeerkat/status/1971179355461263440,https://x.com/barengwarga/status/1971165469597216826,1
2025-09-25 11:11:51+00:00,retrieveNothing,Otw govt ala Pakistan dan Mesir,0,0,0,150,https://x.com/retrieveNothing/status/1971170780588409213,https://x.com/barengwarga/status/1971165469597216826,0
2025-09-25 11:00:34+00:00,ydrefla7_,"Berarti mereka itu sebenarnya penakut, pecundang, dan denial.

Yak bener, butuh edukasi luas soal pentingnya berisik terhadap kelakuan jelek pemerintah.

JANGAN MAU DIARAK JADI ORANG TOLOL OLEH REZIM!",0,0,0,79,https://x.com/ydrefla7_/status/1971167940537090274,https://x.com/barengwarga/status/1971165469597216826,0
2025-09-25 10:58:29+00:00,neuthrones,1984,0,0,0,87,https://x.com/neuthrones/status/1971167418451202235,https://x.com/barengwarga/status/1971165469597216826,0
2025-09-27 08:57:01+00:00,atashiaikochan,my heart BURNS for them omg,1,0,0,1,https://x.com/atashiaikochan/status/1971861623842435444,https://x.com/barengwarga/status/1971161040651186449,1
2025-09-27 08:47:01+00:00,txtfromicha,aksi damai hampir 1000 kali diadakan juga tak kunjung digubris. ndasmu damai!,0,0,0,18,https://x.com/txtfromicha/status/1971859110590402825,https://x.com/barengwarga/status/1971161040651186449,0
2025-09-27 03:24:40+00:00,jametkunx,kumpulan pengangguran,0,0,0,20,https://x.com/jametkunx/status/1971777988007285255,https://x.com/barengwarga/status/1971161040651186449,0
2025-09-27 03:16:09+00:00,Macklevier,“demo boleh tapi damai ya” stfu,0,0,0,39,https://x.com/Macklevier/status/1971775843593867621,https://x.com/barengwarga/status/1971161040651186449,0
2025-09-26 14:51:06+00:00,confeuse,"mana katanya kalo damai mau ditemuin, ini udah ke-879 juga gada yang nemuin tuh dari dalem",0,0,0,26,https://x.com/confeuse/status/1971588343633944968,https://x.com/barengwarga/status/1971161040651186449,0
2025-09-26 04:42:17+00:00,lepetitmeng,aksi damai yang gak pernah didenger wkwkwk,0,0,0,22,https://x.com/lepetitmeng/status/1971435133019591135,https://x.com/barengwarga/status/1971161040651186449,0
2025-09-26 03:06:21+00:00,Reinscape,Demo paling damai yang ga pernah digubris...,0,0,0,35,https://x.com/Reinscape/status/1971410990291186012,https://x.com/barengwarga/status/1971161040651186449,0
2025-09-26 02:43:54+00:00,scrceen,879..,0,0,0,72,https://x.com/scrceen/status/1971405338625896934,https://x.com/barengwarga/status/1971161040651186449,0
2025-09-26 02:30:01+00:00,faisalicip,Negara Tuli,0,0,0,59,https://x.com/faisalicip/status/1971401846830006466,https://x.com/barengwarga/status/1971161040651186449,0
2025-09-26 02:23:02+00:00,rkivesfor,"879 dan tetep ngga kedengeran, tetep ngga ada hasil pasti, tetep jadi 'buzzer'",0,0,0,32,https://x.com/rkivesfor/status/1971400086317047817,https://x.com/barengwarga/status/1971161040651186449,0
2025-09-26 01:40:54+00:00,·,"""kenapa harus demo? kenapa gak ngomong baik-baik aja?"" ucap mereka.

Lantas, tindakan apa yang mereka lakukan selama 879 kali terakhir ini ketika ada demo yang dilakukan secara 'baik-baik' aja?",0,0,0,70,https://x.com/laissezfarie/status/1971389486098710547,https://x.com/barengwarga/status/1971161040651186449,0
2025-09-26 01:26:08+00:00,caenip,Memang manusia paling hipokrit yg pernah ada adalah pembela rezim yg ngehina demo kemarin dan dibilang terlalu ricuh dan anarkis makanya ga didenger,0,0,0,147,https://x.com/caenip/status/1971385769563652205,https://x.com/barengwarga/status/1971161040651186449,0
2025-09-26 01:25:07+00:00,cattellpillar,Ke-879 dengan damai dan belum ada tanggapan,0,0,0,37,https://x.com/cattellpillar/status/1971385511953707098,https://x.com/barengwarga/status/1971161040651186449,0
2025-09-26 01:21:51+00:00,wintaenglyn,,0,0,0,13,https://x.com/wintaenglyn/status/1971384692348944419,https://x.com/barengwarga/status/1971161040651186449,0
2025-09-25 18:53:22+00:00,muhammdfirmn,yg ke 879 kali nya juga gapernah didenger,0,0,0,47,https://x.com/muhammdfirmn/status/1971286925681278981,https://x.com/barengwarga/status/1971161040651186449,0
2025-09-25 17:48:58+00:00,iwauizumi,Kalau sampai 1000 dan masih diam beneran lucu sih ni negara......?,0,0,0,54,https://x.com/iwauizumi/status/1971270718777418201,https://x.com/barengwarga/status/1971161040651186449,0
2025-09-25 17:36:43+00:00,Astearsgoby7,"Dan sebuah anomali berkata ""kok baru sekarang pas pemilu? Kemarin2 kemana aja?""
???????",0,0,0,75,https://x.com/Astearsgoby7/status/1971267637461254315,https://x.com/barengwarga/status/1971161040651186449,0
2025-09-25 16:46:38+00:00,hanafi_sss,"Konon katanya demo yg santun dan tertib akan didengar? 
@prab",0,0,0,25,https://x.com/hanafi_sss/status/1971255030889185453,https://x.com/barengwarga/status/1971161040651186449,0
2025-09-25 16:05:26+00:00,hannaconnia,"9 minggu lagi menuju Aksi Kamisan ke-888

Kata Pak 
@prabowo
 Ada hal khusus kenapa angka 8 sering hadir dalam kehidupannya. 

Pas banget ini Pak, bisa ni datang bareng kita ya ",0,0,0,138,https://x.com/hannaconnia/status/1971244662120988977,https://x.com/barengwarga/status/1971161040651186449,0
2025-09-25 15:55:37+00:00,·,Giliran ada demo damai ga anarkis dikacangin dzolim bener,0,0,0,86,https://x.com/Piecemaker777/status/1971242194448310656,https://x.com/barengwarga/status/1971161040651186449,0
2025-09-25 15:39:39+00:00,clenoizzzy,Semarang kapan mau Kamisan lagiii huft,0,0,0,105,https://x.com/clenoizzzy/status/1971238176787411070,https://x.com/barengwarga/status/1971161040651186449,0
2025-09-25 15:33:23+00:00,bluenaary,,0,0,0,53,https://x.com/bluenaary/status/1971236598189785514,https://x.com/barengwarga/status/1971161040651186449,0
2025-09-25 15:31:31+00:00,formerlyAbyan,"Kalo ditanya apa pernah ada aksi damai.  Ada, Ini contohnya dan udah dilakuin 879 kali. Apa pernah ada respon dari pemerintah untuk aksi ini ???
Masa harus nunggu ada korban lagi sampe ada perubahan",0,0,0,141,https://x.com/formerlyAbyan/status/1971236130302673102,https://x.com/barengwarga/status/1971161040651186449,0
2025-09-25 13:44:15+00:00,·,@prabowo,0,0,0,52,https://x.com/Munchkidn/status/1971209134218555824,https://x.com/barengwarga/status/1971161040651186449,0
2025-09-25 13:41:21+00:00,iam__stanis,"""demo boleh, tapi harus santun dan taat aturan.""

Pernyataan yang mantap. Sekarang jelaskan kenapa Aksi Kamisan bisa sampe 879? ",0,0,0,114,https://x.com/iam__stanis/status/1971208402773926361,https://x.com/barengwarga/status/1971161040651186449,0
2025-09-25 12:26:30+00:00,duc_of_nowhere,Acara tahunan ngalah-ngalahin lahan acara mingguan. Besok-besok parkir ranpur yg bener #ParkirLuJelek,0,0,0,117,https://x.com/duc_of_nowhere/status/1971189568214020471,https://x.com/barengwarga/status/1971161040651186449,0
2025-09-25 11:24:40+00:00,strawbellu,“ke-879” ,34,8478,0,914562,https://x.com/strawbellu/status/1971174008562630772,https://x.com/barengwarga/status/1971161040651186449,8512
2025-09-25 11:21:41+00:00,THidaya87101175,Background belakangnya mobil.....,0,0,0,264,https://x.com/THidaya87101175/status/1971173257442381963,https://x.com/barengwarga/status/1971161040651186449,0
2025-09-25 11:16:06+00:00,Jahenanas,Kamisan ada tank nya! (Karena mau ada HUT TNI),0,2,0,993,https://x.com/Jahenanas/status/1971171850341449760,https://x.com/barengwarga/status/1971161040651186449,2
2025-09-25 23:57:55+00:00,ichiinichandesu,Ibuuuuu!!! ,0,0,0,112,https://x.com/ichiinichandesu/status/1971363566252122275,https://x.com/barengwarga/status/1971156143205732774,0
2025-09-26 01:29:07+00:00,BeamOnZaGround,"Dang.. that many..?

Gila, si vendor gak diawasin sama pakar kesehatan sama ahli gizi.",0,0,0,12,https://x.com/BeamOnZaGround/status/1971386520453210279,https://x.com/barengwarga/status/1971124672424251886,0
2025-09-25 11:16:45+00:00,ANYONEW00,Ini mah udh mass murder ga sih gila,1,0,0,119,https://x.com/ANYONEW00/status/1971172013743145465,https://x.com/barengwarga/status/1971124672424251886,1
2025-09-25 08:18:05+00:00,bellaViztaa,Gk abis2,0,5,0,7447,https://x.com/bellaViztaa/status/1971127050200404279,https://x.com/barengwarga/status/1971124672424251886,5
2025-09-25 23:12:23+00:00,pufxy,bajingannnnn,0,0,0,89,https://x.com/pufxy/status/1971352109888176254,https://x.com/barengwarga/status/1970899342379942152,0
2025-09-25 22:50:06+00:00,messynady,#septembergelap,0,0,0,52,https://x.com/messynady/status/1971346500375748817,https://x.com/barengwarga/status/1970899342379942152,0
2025-09-25 15:05:52+00:00,konserpatip,mawar,0,0,0,74,https://x.com/konserpatip/status/1971229674387931177,https://x.com/barengwarga/status/1970899342379942152,0
2025-09-25 14:06:34+00:00,itskindagal,,0,0,0,36,https://x.com/itskindagal/status/1971214751255626049,https://x.com/barengwarga/status/1970899342379942152,0
2025-09-25 11:30:54+00:00,pindimaillie,lindungi mereka di manapun berada,0,0,0,84,https://x.com/pindimaillie/status/1971175573360869506,https://x.com/barengwarga/status/1970899342379942152,0
2025-09-25 07:21:19+00:00,sixthjourney,Ya Allah mereka kmna,0,0,0,40,https://x.com/sixthjourney/status/1971112765671735608,https://x.com/barengwarga/status/1970899342379942152,0
2025-09-25 04:54:51+00:00,gakunaber,kaya gini bisa tanya ke dukun/indigo gaksih ,0,0,0,109,https://x.com/gakunaber/status/1971075907961184754,https://x.com/barengwarga/status/1970899342379942152,0
2025-09-25 00:12:41+00:00,RomyLestari,Ini gmn Monyet !!!!,0,0,0,11,https://x.com/RomyLestari/status/1971004897253523915,https://x.com/barengwarga/status/1970899342379942152,0
2025-09-25 00:12:20+00:00,cuhiks,anjirrr :(,0,0,0,136,https://x.com/cuhiks/status/1971004808724455453,https://x.com/barengwarga/status/1970899342379942152,0
2025-09-24 23:12:38+00:00,HabibiFuad,"@prabowo
 DIMANA MEREKA, WOY ZIONIS?",0,0,0,166,https://x.com/HabibiFuad/status/1970989785734164509,https://x.com/barengwarga/status/1970899342379942152,0
2025-09-24 21:41:02+00:00,okesip9372,Hayo kemana ini??,0,0,0,237,https://x.com/okesip9372/status/1970966732853645453,https://x.com/barengwarga/status/1970899342379942152,0
2025-09-24 18:28:01+00:00,hedithp,"Ya Allaah, anak orang diapain ",0,0,0,210,https://x.com/hedithp/status/1970918158107291913,https://x.com/barengwarga/status/1970899342379942152,0
2025-09-24 17:35:40+00:00,moonkimssi,takut bgt.... guys..,0,0,0,51,https://x.com/moonkimssi/status/1970904982531756244,https://x.com/barengwarga/status/1970899342379942152,0
2025-09-24 17:16:32+00:00,orcinursa,Yaallah lindungi mereka.,0,0,0,257,https://x.com/orcinursa/status/1970900167151997109,https://x.com/barengwarga/status/1970899342379942152,0
2025-09-24 12:47:06+00:00,barengwarga,Hari Tani Nasional 2025,4,560,0,40437,https://x.com/barengwarga/status/1970832364222992880,https://x.com/barengwarga/status/1970724472782233751,564
2025-09-24 12:08:39+00:00,mocafluor,"On my birthday, what's happen? ",0,0,0,7,https://x.com/mocafluor/status/1970822685593948527,https://x.com/barengwarga/status/1970712337880580482,0
2025-09-24 11:24:15+00:00,COPYOFVOL6,i always mean it when i say we are seriously nothing without the farmers!!!!!! may we live to see them having a better life and opportunities!!!!! #selamatharitani,0,0,0,13,https://x.com/COPYOFVOL6/status/1970811515575160969,https://x.com/barengwarga/status/1970712337880580482,0
2025-09-24 08:43:00+00:00,dikachuuuu,,0,0,0,100,https://x.com/dikachuuuu/status/1970770936057282754,https://x.com/barengwarga/status/1970712337880580482,0
2025-09-24 08:29:58+00:00,milchoney,"kenapa ya gue tiap liat aksi tuh suka minimal nangis sepercik.. kek... kenapa sih ""pejabat"" di sana tuh kaya tutup mata telinga... kenapa....",1,1,0,321,https://x.com/milchoney/status/1970767655352312078,https://x.com/barengwarga/status/1970712337880580482,2
2025-09-24 07:54:12+00:00,rahmafamelia,nanti balik kantor lewat mana ya,0,0,0,53,https://x.com/rahmafamelia/status/1970758655135084980,https://x.com/barengwarga/status/1970712337880580482,0
2025-09-24 04:50:10+00:00,barengwarga,SELAMAT HARI TANI  x.com/SeknasKPA/stat…,6,1044,0,61175,https://x.com/barengwarga/status/1970712337880580482,https://x.com/barengwarga/status/1970646909238026425,1050
2025-09-24 00:40:46+00:00,Dewi67216391,#haritani,0,0,0,13,https://x.com/Dewi67216391/status/1970649577666814330,https://x.com/barengwarga/status/1970646909238026425,0
2025-09-24 05:04:24+00:00,barengwarga,"Kalo kurang jelas sama pesan diatas:

Jika nanti prabowo akan recognize insntreal ITU BUKAN KARENA 2 STATE. TAPI KARENA EMANG MAU AJA.

Itu yang jadi masalah pidatonya, bawa-bawa two state? Bullshit, dia nyari entry point biar bisa recognize instreal, padahal gak gitu.",1,0,0,1559,https://x.com/barengwarga/status/1970715920923570223,https://x.com/barengwarga/status/1970539212022947912,1
2025-09-24 00:46:36+00:00,barudakfixon,Retweet kan kawan,0,0,0,169,https://x.com/barudakfixon/status/1970651045115363676,https://x.com/barengwarga/status/1970539212022947912,0
2025-09-23 23:52:39+00:00,solelyeun,"THISSSSSSS

udah jelas bgt kan karena wowo tuh cuma ngejamin keamanan israel, bukan palestine.

aduhay, zionist kok dipercaya.",0,0,0,184,https://x.com/solelyeun/status/1970637465175384357,https://x.com/barengwarga/status/1970539212022947912,0
2025-09-23 17:40:45+00:00,barengwarga,Udah dibaca?,1,0,0,786,https://x.com/barengwarga/status/1970543877544387053,https://x.com/barengwarga/status/1970539212022947912,1
2025-09-23 17:23:34+00:00,barengwarga,Exactly,1,0,0,4787,https://x.com/barengwarga/status/1970539549827965200,https://x.com/barengwarga/status/1970539212022947912,1
2025-09-23 17:22:47+00:00,barengwarga,"Kalo kurang jelas sama pesan diatas:

Jika nanti prabowo akan recognize insntreal ITU BUKAN KARENA 2 STATE. TAPI KARENA EMANG MAU AJA.

Itu yang jadi masalah pidatonya, bawa-bawa two state? Bullshit, dia nyari entry point biar bisa recognize instreal, padahal gak gitu.",1,0,0,6465,https://x.com/barengwarga/status/1970539353190568321,https://x.com/barengwarga/status/1970539212022947912,1
2025-09-27 12:43:21+00:00,triwahyuutama15,"Diplomasi itu take and give dan tidak boleh zero sum game. Dicari win win solution agar kesepakatan dapat terwujud. Nggak bakal ada pihak yang menerima kesepakatan yang merugikan mereka.

Dalam kasus ini take-nya ""kemerdekaan Palestina"" dan give-nya ""pengakuan terhadap Israel"".",0,0,0,50,https://x.com/triwahyuutama15/status/1971918582897656089,https://x.com/barengwarga/status/1970533383462908381,0
2025-09-25 23:16:09+00:00,sayacogi,"Indonesia gak mengakui Israel berdasarkan klausul di pembukaan UUD 1945 tentang penjajahan (aslinya sih gara2 Sukarno aja, cuma kebawa jadi tradisi). Kalau penjajahan itu diakhiri, terus apa dasar logika tidak mengakui Israel?",0,0,0,32,https://x.com/sayacogi/status/1971353056580350424,https://x.com/barengwarga/status/1970533383462908381,0
2025-09-25 10:41:03+00:00,standuseraniki,"The simple answer to this, is there is no ""peaceful solution"" with the two-state solution. Look at what happened right now, it's a prototype of what will happened if Israel is to be recognized as a state.",0,0,0,41,https://x.com/standuseraniki/status/1971163032131862957,https://x.com/barengwarga/status/1970533383462908381,0
2025-09-25 06:18:14+00:00,Ricksanchezit,Dongonyooooo,0,0,0,45,https://x.com/Ricksanchezit/status/1971096890159792375,https://x.com/barengwarga/status/1970533383462908381,0
2025-09-25 02:57:04+00:00,foxtrotvlrt,"""ah lu benci aja sama BW""

""Buzzer Prabowo""

""Zionis pesek"" ""zionist enabler""

Meanwhile kata 
@zenrs
  dan di tweeet barusan oleh 
@barengwarga
 :",1,0,0,158,https://x.com/foxtrotvlrt/status/1971046265174753574,https://x.com/barengwarga/status/1970533383462908381,1
2025-09-24 13:11:57+00:00,gudluck_win,"Paragraf ke 3 lu ngerti ga kalau beneran diterapkan? Nambah musuh dan bakal dicap gak konsisten. Sekali isr mengakui Pal ada dan merdeka, saat itu juga secara diplomatis Ina juga harus mengakui adanya isr, sbg negara non-blok, ya tidak bisa mengelak terjalinnya hubungan bilateral",0,0,0,138,https://x.com/gudluck_win/status/1970838616529371139,https://x.com/barengwarga/status/1970533383462908381,0
2025-09-24 12:23:56+00:00,MurtadhoRoy,"Posisi saya ttp menolak solusi dua negara & mendukung posisi Popular Front for the Liberation of Palestine & faksi2 perlawanan untuk pembebasan Palestina yg mendorong solusi satu negara Palestina merdeka yg plural &  demokratik. Baca posisi PFLP di sini:
pflp-documents.org/documents/PFLP
…",2,58,0,5960,https://x.com/MurtadhoRoy/status/1970826532856967414,https://x.com/barengwarga/status/1970533383462908381,60
2025-09-24 12:10:07+00:00,AaronDVankov,lu sehari gk tolol bisa gk sih?,1,1,0,612,https://x.com/AaronDVankov/status/1970823056462655669,https://x.com/barengwarga/status/1970533383462908381,2
2025-09-24 11:29:14+00:00,artchitex,"Untuk mengakui 2SS sebagai solusi rasional aja saya rasa byk yg gagal.

Yg merasionalkan jg gagal memahami stance pengakuan kedaulatan.

Diskusi terkait ini mmg menjadi sangat emosional.",0,0,0,350,https://x.com/artchitex/status/1970812766157222120,https://x.com/barengwarga/status/1970533383462908381,0
2025-09-24 11:01:41+00:00,barengwarga,"""Akun BW mah yang penting keliatan marah aja"" they said ",3,10,0,14002,https://x.com/barengwarga/status/1970805835321536541,https://x.com/barengwarga/status/1970533383462908381,13
2025-09-24 11:00:44+00:00,barengwarga, x.com/barengwarga/st…,0,0,0,4564,https://x.com/barengwarga/status/1970805596950851836,https://x.com/barengwarga/status/1970533383462908381,0
2025-09-24 10:33:49+00:00,·,"Capek bgt liat presiden sok-sok Israel, hadsshh dek Indonesia",0,0,0,68,https://x.com/xoxoneraca/status/1970798823879704864,https://x.com/barengwarga/status/1970533383462908381,0
2025-09-24 10:23:06+00:00,runt_catherine,Brisik!! ,0,2,0,142,https://x.com/runt_catherine/status/1970796124694057113,https://x.com/barengwarga/status/1970533383462908381,2
2025-09-24 09:31:58+00:00,sfakmal,Nah!,0,0,0,49,https://x.com/sfakmal/status/1970783255353040896,https://x.com/barengwarga/status/1970533383462908381,0
2025-09-24 03:23:29+00:00,afifahafra79,Ini realistis.,1,7,0,1303,https://x.com/afifahafra79/status/1970690526489059727,https://x.com/barengwarga/status/1970533383462908381,8
2025-09-24 02:41:12+00:00,bhres_,"Agree. There is no such thing as state's right to exist. Adanya right to live of the individual. Hak hidup individual. Pengakuan Palestina bisa dilakukan tanpa mengaitkan status pengakuan Israel. 
x.com/FranceskAlbs/s
…",0,2,0,480,https://x.com/bhres_/status/1970679884310880555,https://x.com/barengwarga/status/1970533383462908381,2
2025-09-24 02:40:30+00:00,ilsasfst,"Two-state solution sendiri tetap berpotensi menimbulkan ketimpangan dinamika kekuasaan antara israel dan palestina.

Solusi ini harus dibarengi dengan persyaratan absolut yang mampu melindungi palestina karena israel dan kawannya akan selalu cari celah untuk menyerang palestina.",0,0,0,99,https://x.com/ilsasfst/status/1970679706078068777,https://x.com/barengwarga/status/1970533383462908381,0
2025-09-24 02:40:21+00:00,nevertari_vivi9,"Maksud gw begini, politik itu gak cuma masalah benar/salah, tapi kebijakan",0,0,0,102,https://x.com/nevertari_vivi9/status/1970679670611079657,https://x.com/barengwarga/status/1970533383462908381,0
2025-09-24 02:35:33+00:00,telortirek,"Kentut

Bajingan siapa pun yg dukung two state solution ",0,0,0,100,https://x.com/telortirek/status/1970678462945079790,https://x.com/barengwarga/status/1970533383462908381,0
2025-09-24 02:33:34+00:00,desyapl,emg berak yg dukung two state solution ini,0,0,0,75,https://x.com/desyapl/status/1970677963650924803,https://x.com/barengwarga/status/1970533383462908381,0
2025-09-24 02:05:51+00:00,bramwas,"Kmrn ada akun yg bilang two-state solution krn dulu negara² Arab serang Is**el hasilnya gagal. Tapi yg tdk disebutkan, Mesir waktu itu baru menasionalisasi Terusan Suez, negara² Eropa tdk senang & mendanai Is**el hingga Sinai direbut

Skg, apa hasil Is**el serang Iran kmrn?",0,2,0,291,https://x.com/bramwas/status/1970670988816982473,https://x.com/barengwarga/status/1970533383462908381,2
2025-09-24 01:58:42+00:00,musialaq,nah,0,0,0,77,https://x.com/musialaq/status/1970669186805584382,https://x.com/barengwarga/status/1970533383462908381,0
2025-09-24 01:53:02+00:00,milnupi,tapi tapiii negara yg ngakuin kedaulatan israel lewat abraham accords kemaren dpt untung gede dari israel dan mamariki... ,0,0,0,506,https://x.com/milnupi/status/1970667761878868362,https://x.com/barengwarga/status/1970533383462908381,0
2025-09-23 23:57:45+00:00,inganggita,"Udah kayak pejabat NKRI aja:

Berawal dari asal njeplak, rame, lalu kasih klarifikasi yg mbulet juga.",1,9,0,3630,https://x.com/inganggita/status/1970638751346163729,https://x.com/barengwarga/status/1970533383462908381,10
2025-09-23 23:55:47+00:00,jokimarpaung,"another klarifikasi from BW following their new blunder…(“,)",0,0,0,161,https://x.com/jokimarpaung/status/1970638253616455753,https://x.com/barengwarga/status/1970533383462908381,0
2025-09-23 23:38:08+00:00,wreckitnini,This is what I mean!,0,0,0,116,https://x.com/wreckitnini/status/1970633812406346218,https://x.com/barengwarga/status/1970533383462908381,0
2025-09-23 23:03:38+00:00,Ardaffaf,"Ya itu masyarakat elu (baca : Indonesia) aja yang nolak.

Kalau masyarakat Palestinanya merestui, lu mo piye?

Geblek namanya kalo ngediktein orang yang paham lapangannya lgsg.",0,0,0,371,https://x.com/Ardaffaf/status/1970625132730425722,https://x.com/barengwarga/status/1970533383462908381,0
2025-09-23 22:27:46+00:00,nabiurban__,versi b indo dan lebih mudah dipahami. pretty much elaborating my stance.,0,1,0,6818,https://x.com/nabiurban__/status/1970616105430655273,https://x.com/barengwarga/status/1970533383462908381,1
2025-09-23 22:26:27+00:00,nabiurban__,INI MKST GUEEEE,0,0,0,223,https://x.com/nabiurban__/status/1970615775506653406,https://x.com/barengwarga/status/1970533383462908381,0
2025-09-23 22:13:26+00:00,MahameruLee,"Masalahnya adalah, solusi dua negara itu sendiri adalah bentuk legitimasi praktek penjajahan. Pun tdk pernah scr konsisten disepakati o/ isriwil yg kemudian selalu hasilkan kegagalan dlm pembicaraan 'perdamaian'.",5,89,0,6553,https://x.com/MahameruLee/status/1970612498748539036,https://x.com/barengwarga/status/1970533383462908381,94
2025-09-25 07:14:20+00:00,AkilaNazaffu,"Sudahlah Zionist

Kalian ini mau Palestina Merdeka atau gini2 aja, biar kalian bisa memenuhi ego kalian dalam “membela Palestina” yang sampai saat ini usaha kalian ga ada hasilnya??

Momentuk Sudah jelas, Two state Solution solusinya.",0,1,0,69,https://x.com/AkilaNazaffu/status/1971111008120062443,https://x.com/barengwarga/status/1970525522603188724,1
2025-09-24 14:35:35+00:00,penggyu88,"Ini yg seenak jidat minta two state solution, emang lu gk pernah ngebayangin klo misalnya itu terjadi di negara kita dulu, negara lu, tanah air lu, dijajah Belanda, terus presiden negara lain ngomong, ""udah two state aja, sebelah barat Indonesia, timurnya Belanda"", lu mau???",1,0,0,149,https://x.com/penggyu88/status/1970859665006510316,https://x.com/barengwarga/status/1970525522603188724,1
2025-09-24 09:52:21+00:00,Attavcker,Exactly.,0,0,0,141,https://x.com/Attavcker/status/1970788387633373211,https://x.com/barengwarga/status/1970525522603188724,0
2025-09-24 09:47:34+00:00,rekagamineai,"Ini akun dikelola sama org yg agak gmn gitu, mana akun gede banyak pengikutnya anjjj. Masa iya sih si prabroro terang2an hujat Israel smntr wowo sendiri masih dbwh ketek Israel sama amrik?? ITU NAMANYA KOMPROMI ANJJ PAHAM GA SI LU GD KAPASITAS NGOMONGIN ITU SEMUA ANJRR",1,0,0,197,https://x.com/rekagamineai/status/1970787184296018296,https://x.com/barengwarga/status/1970525522603188724,1
2025-09-24 07:40:23+00:00,mnaufalihza,"najis sih emang kalo sampe jilat sepatu jionis ""kami gurantee""",0,0,0,79,https://x.com/mnaufalihza/status/1970755175314006429,https://x.com/barengwarga/status/1970525522603188724,0
2025-09-24 03:49:34+00:00,hiddenmist3214,"kalo konkrit, stance elu lebih banyak bisa dikritik, karena palestina sendiri tidak punya dasar negara dan dia sendiri masih kebelah antara hamas dan fatah,",0,0,0,180,https://x.com/hiddenmist3214/status/1970697091107467603,https://x.com/barengwarga/status/1970525522603188724,0
2025-09-24 01:50:24+00:00,KangSemproel,"Betul
Guwah setuju dgn pendapat ini
Two state solution bukanlah win-win solution. Itu adalah win-lose solution. Dimana perebutan lebih dari 90% negeri Palestina akan disahkan, sementara sang pemilik negeri hanya punya kurang dari 10%
x.com/barengwarga/st
…
@ujankxxxibgdrgn",1,4,0,3869,https://x.com/KangSemproel/status/1970667101724746062,https://x.com/barengwarga/status/1970525522603188724,5
2025-09-23 23:55:48+00:00,Naizarusama,"Nah ini, ngapain pake menjamin keamanan israhell?? 

Mengakui aja udh salah",0,1,0,158,https://x.com/Naizarusama/status/1970638258603450787,https://x.com/barengwarga/status/1970525522603188724,1
2025-09-23 23:45:26+00:00,·,Yang gue bener2 heranin banget tuh kenapa dia tiba-tiba menjamin KESELAMATAN ISRAEL??? Kek cooookkk yg diserang kan Palestine????? Legit zionis cuih,0,3,0,254,https://x.com/tearsforstar/status/1970635652653031660,https://x.com/barengwarga/status/1970525522603188724,3
2025-09-23 17:30:17+00:00,gethsemeres,Its crazy how so many zionist here among us,0,2,0,299,https://x.com/gethsemeres/status/1970541239553663393,https://x.com/barengwarga/status/1970525522603188724,2
2025-09-23 16:59:04+00:00,barengwarga,"Kongkrit? Dari awal kritik kami jelas stance presiden memalukan, ini di elaborate:

Kejauhan dia ngomongin two state, sampe hari ini palestina masih di blokade! Selain korban bom dan peluru warga palestina mati kelaparan dan kehausan. Ada gak presiden ngomongin gini? Buka akses x.com/ujankxxxibgdrg…",62,1139,0,328219,https://x.com/barengwarga/status/1970533383462908381,https://x.com/barengwarga/status/1970525522603188724,1201
2025-09-23 16:28:12+00:00,barengwarga,Nih biar jelas.,3,2,0,5079,https://x.com/barengwarga/status/1970525618623402056,https://x.com/barengwarga/status/1970525522603188724,5
2025-09-24 08:27:16+00:00,pontianboi,palestina kalo mau jadi one state solution ya harus kiamat ,1,0,0,219,https://x.com/pontianboi/status/1970766976542011792,https://x.com/barengwarga/status/1970519804013617357,1
2025-09-24 04:02:56+00:00,ichiochareport,"Nggak heran, wong dia dukung IDF dan salah mengartikan Hamas.",0,0,0,104,https://x.com/ichiochareport/status/1970700454075281580,https://x.com/barengwarga/status/1970519804013617357,0
2025-09-23 17:34:45+00:00,histerrya,"Y gk jg si. Bisa juga kalau ga suka x berarti suka fb or ig, tergabtung selera dan umur",0,0,0,259,https://x.com/histerrya/status/1970542363887223215,https://x.com/barengwarga/status/1970519804013617357,0
2025-09-24 08:08:45+00:00,lav_cheesecake,padahal pendukung prabowo = pendukung genosida,0,0,0,90,https://x.com/lav_cheesecake/status/1970762313914556851,https://x.com/barengwarga/status/1970502675163947489,0
2025-09-23 21:12:54+00:00,d_ddableg,"Gua rasa ttg pembelaan2 ini, buzzer nya kenceng bgt, kyk out of nowhere, tbtb mereka muncul, dan banyak. Mencoba menggiring opini bahwa yg dibilang wowo benar.",0,2,0,290,https://x.com/d_ddableg/status/1970597266768695787,https://x.com/barengwarga/status/1970502675163947489,2
2025-09-23 16:33:27+00:00,barengwarga,Gausah bawa rasionalitas lah kalau kalian emang cuma hatred perkara dulu anggaran militer dikritik.,1,2,0,5327,https://x.com/barengwarga/status/1970526938419916817,https://x.com/barengwarga/status/1970502675163947489,3
2025-09-23 16:24:06+00:00,neuthrones,"pada lupa apa orang yang sama ngomong negara ini terbuka buat pengungsi palestina? bukan masalah soal ngungsi, itu kan negara mereka, tanah mereka, ngapain disuruh ngungsi? terus di forum internasional ngomongin two state solution? kocak kata gue.",1,0,0,298,https://x.com/neuthrones/status/1970524583804706870,https://x.com/barengwarga/status/1970502675163947489,1
2025-09-23 15:55:20+00:00,barengwarga,Kebiasaan fallacy ginian ampun kalian-kalian ini formiller,8,68,0,30072,https://x.com/barengwarga/status/1970517347392983419,https://x.com/barengwarga/status/1970502675163947489,76
2025-09-23 15:46:17+00:00,edskywalker,"Padahal two state lebih ga realistis, karena harus percaya sama israel. Like ... What?! ‍",0,2,0,337,https://x.com/edskywalker/status/1970515070414459075,https://x.com/barengwarga/status/1970502675163947489,2
2025-09-23 15:13:45+00:00,barengwarga,Dear geng pencinta fetish bedil:,3,21,0,13077,https://x.com/barengwarga/status/1970506882407374933,https://x.com/barengwarga/status/1970502675163947489,24
2025-09-23 15:05:25+00:00,barengwarga,Comment kayak gini tuh kenapa ya?,2,0,0,1286,https://x.com/barengwarga/status/1970504786027188731,https://x.com/barengwarga/status/1970502675163947489,2
2025-09-25 23:53:07+00:00,al_muzakki,"Ngomongin IOF & satanyahu, mereka ini persis sama dengan pejabat-pejabat yg bilang ""kami tidak anti-kritik, asal kritiknya yg membangun""

Persis sama.

Setiap ada kritikan yg ga sesuai rencana mereka, pasti dianggap ""tidak membangun""

Kl si iof, mereka klaim semua teroris. Sama.",0,0,0,21,https://x.com/al_muzakki/status/1971362361719361945,https://x.com/barengwarga/status/1970500465260724263,0
2025-09-24 08:31:14+00:00,YgieMoon,"drone nirawak
Anw
Fuck israel
Glory to the Resistance",0,0,0,34,https://x.com/YgieMoon/status/1970767971351175330,https://x.com/barengwarga/status/1970500465260724263,0
2025-09-24 04:37:15+00:00,OghieGigs,Lalu ada org yang masih percaya kalo Hamas yang menahan bantuan. ,0,2,0,440,https://x.com/OghieGigs/status/1970709088662364649,https://x.com/barengwarga/status/1970500465260724263,2
2025-09-23 22:01:44+00:00,jukijukiJJK1,entitas pembunuh anak-anak selamanya ga akan layak diakui sebagai negara ya prab,0,0,0,62,https://x.com/jukijukiJJK1/status/1970609554254934200,https://x.com/barengwarga/status/1970500465260724263,0
2025-09-23 11:42:26+00:00,defsnop,"Sepupuku pulang sekolah tadi cerita mbg hari ini telurnya bau tai  pada akhirnya gaada yg dimakan. Anak SMA bisa ngerti kondisi makanan yg ga layak makan jadi bisa dihindarin, bayangin klo anak SD yang dapet itu, mereka blm tentu ngerti dan bisa keracunan",0,0,0,66,https://x.com/defsnop/status/1970453700771774876,https://x.com/barengwarga/status/1970446219127533780,0
2025-09-23 11:23:30+00:00,irfankartosumo,Udah gila ini negara,0,0,0,30,https://x.com/irfankartosumo/status/1970448938726760527,https://x.com/barengwarga/status/1970446219127533780,0
2025-09-21 12:02:05+00:00,viachandesu,"Pasti dibayar gak sampe 500 perak pertweet, makanya ngetweet banyak",0,0,0,122,https://x.com/viachandesu/status/1969733873056813206,https://x.com/barengwarga/status/1969720579420029337,0
2025-09-21 11:42:36+00:00,lintpunk,"Panen sih panen, cuma cape juga klik report satu per satu... Etapi ada yg like dan bbrp ada yg bookmark, itu jadi tanda verifikasi dan dasar cair kali ya dari pengorder",0,0,0,13,https://x.com/lintpunk/status/1969728966392209749,https://x.com/barengwarga/status/1969720244714529040,0
2025-09-22 23:35:47+00:00,woe___isme,kok bisa ya integritas orang dibeli dengan cara sereceh ini. miris wkwkwk,0,0,0,50,https://x.com/woe___isme/status/1970270833928216758,https://x.com/barengwarga/status/1969716523628634435,0
2025-09-21 13:03:08+00:00,AinurPutti,"Kono hama gakure susah di newvallkan karena ini masalahnya 
BuzzeRP BGST SYAL AN ASYUUUU",0,0,0,37,https://x.com/AinurPutti/status/1969749233214669183,https://x.com/barengwarga/status/1969716523628634435,0
2025-09-21 10:55:28+00:00,nexok40,"Terimakasih 
@barengwarga
 atas bantuannya menuju 19 juta lapangan pekerjaan.",0,0,0,64,https://x.com/nexok40/status/1969717106276221160,https://x.com/barengwarga/status/1969716523628634435,0
2025-09-23 08:37:35+00:00,kaidahawru,ih gila,0,0,0,17,https://x.com/kaidahawru/status/1970407182740193582,https://x.com/barengwarga/status/1969715521626259855,0
2025-09-23 00:36:30+00:00,Haelriser,"Kalian yg pegang agency pendengung/buzzer, semoga hidupnya gak pernah tenang, tidurnya gak pernah nyenyak, makannya gak pernah kenyang, senantiasa konstipasi dan anyang-anyangan.",0,0,0,162,https://x.com/Haelriser/status/1970286116038492477,https://x.com/barengwarga/status/1969715521626259855,0
2025-09-22 23:55:32+00:00,cogilsbatdah,makin terang terangan ya wkwkw… pendengung… what a boomers :(((,0,0,0,24,https://x.com/cogilsbatdah/status/1970275805856153644,https://x.com/barengwarga/status/1969715521626259855,0
2025-09-22 23:52:43+00:00,sleepinsideee,"Mereka bahkan gapeduli apa yang mereka ketik, yang penting cair",0,0,0,14,https://x.com/sleepinsideee/status/1970275094439305608,https://x.com/barengwarga/status/1969715521626259855,0
2025-09-22 22:36:09+00:00,corazonltmymken,Najis 3rb per tweet aja mau najis udh murah ga punya dignity,0,0,0,42,https://x.com/corazonltmymken/status/1970255827287314854,https://x.com/barengwarga/status/1969715521626259855,0
2025-09-22 11:20:18+00:00,meaniengless,mana gak nyambung dgn topik,0,0,0,36,https://x.com/meaniengless/status/1970085746259398777,https://x.com/barengwarga/status/1969715521626259855,0
2025-09-22 10:56:43+00:00,skiesgoun,chat gpt banget,0,0,0,15,https://x.com/skiesgoun/status/1970079807913546081,https://x.com/barengwarga/status/1969715521626259855,0
2025-09-22 10:48:27+00:00,jnessy_,"""satu orang, satu akun""",0,0,0,704,https://x.com/jnessy_/status/1970077727723282548,https://x.com/barengwarga/status/1969715521626259855,0
2025-09-22 10:47:42+00:00,txtfromputri,keywordnya akun asu bajingan ,0,0,0,52,https://x.com/txtfromputri/status/1970077540535640494,https://x.com/barengwarga/status/1969715521626259855,0
2025-09-22 10:28:10+00:00,kesahresahrasa,"Patutnya aturan ""satu orang punya satu akun (sosmed)"" dan pembatasan penggunaan sosmed diberlakukan buat mereka-mereka aja :))",0,0,0,68,https://x.com/kesahresahrasa/status/1970072625746784333,https://x.com/barengwarga/status/1969715521626259855,0
2025-09-22 10:14:57+00:00,·,Najis goblok,0,0,0,38,https://x.com/gnfrhn/status/1970069298774491380,https://x.com/barengwarga/status/1969715521626259855,0
2025-09-22 09:41:09+00:00,mando5z,Lmaooo they started using nft bot accounts now,0,0,0,64,https://x.com/mando5z/status/1970060791803191360,https://x.com/barengwarga/status/1969715521626259855,0
2025-09-22 09:37:11+00:00,kawaiiyuuji,Knp ya mereka kalo bikin template tu selalu jelek,0,0,0,64,https://x.com/kawaiiyuuji/status/1970059795916005882,https://x.com/barengwarga/status/1969715521626259855,0
2025-09-22 09:27:31+00:00,·,Penasaran bgt mereka tu kok bisa kek gitu gilanya,0,0,0,11,https://x.com/msrblwallflower/status/1970057361382682884,https://x.com/barengwarga/status/1969715521626259855,0
2025-09-22 09:09:55+00:00,Ieaufeyson,Kolom reply kalau bisa dibom udah gua bom tuh replies buzzer anjeng.,0,0,0,16,https://x.com/Ieaufeyson/status/1970052930524061707,https://x.com/barengwarga/status/1969715521626259855,0
2025-09-22 06:53:28+00:00,xasnadstr,"@prabowo
 jgn pake duit masyarakat buat hal yg nggak2 kayak gini. Terutama buat belain pemerintah alias diri sendiri. Narsis banget. Lebih baik uangnya buat naikin gaji guru.",0,0,0,36,https://x.com/xasnadstr/status/1970018592386158668,https://x.com/barengwarga/status/1969715521626259855,0
2025-09-22 03:36:25+00:00,tobioetc,"Keyword yg harus buzzer trendingkan : ""akun asv bajing4n"" wkwkwkwkw kelihatan banget dendam si kliennya",0,0,0,76,https://x.com/tobioetc/status/1969969003142816121,https://x.com/barengwarga/status/1969715521626259855,0
2025-09-22 03:34:51+00:00,radixhidayat, 19 juta lapangan kerja,1,5,0,1125,https://x.com/radixhidayat/status/1969968611197596053,https://x.com/barengwarga/status/1969715521626259855,6
2025-09-22 03:30:10+00:00,sloridia,"ACAB can't even come with a single good insult, no wonder.",0,0,0,32,https://x.com/sloridia/status/1969967431436337215,https://x.com/barengwarga/status/1969715521626259855,0
2025-09-22 03:15:03+00:00,nawfestival,#.pendengung ,0,0,0,45,https://x.com/nawfestival/status/1969963627060093365,https://x.com/barengwarga/status/1969715521626259855,0
2025-09-22 02:59:32+00:00,kirahimaru,"kalau gua jadi penyewa buzzer gua bakal pikir mateng2 narasinya, gak mentah dan payah kayak gini.",0,0,0,72,https://x.com/kirahimaru/status/1969959722976710826,https://x.com/barengwarga/status/1969715521626259855,0
2025-09-22 02:58:17+00:00,5315km,"duit yg gue kasih dipake buat bayar buzzer bukannya benerin kinerja, anjingggg",0,0,0,61,https://x.com/5315km/status/1969959407019766073,https://x.com/barengwarga/status/1969715521626259855,0
2025-09-22 02:44:12+00:00,etherealblossom,"Sejujurnya kek kepo sm org yg mau jd buzzer pemerentah nih sehari2 kek apa?
Apa mereka beneran se tone deaf itu? Atau saking udah males mikir krn kebutuhan mendesak jd ga bs mikir kalau yg bikin hidup makin susah tuh org yg make jasa mereka?? 

Sorry rada classist krn dah muak",0,0,0,102,https://x.com/etherealblossom/status/1969955864653312295,https://x.com/barengwarga/status/1969715521626259855,0
2025-09-22 02:36:45+00:00,vampyrehollie,ngamuk bgt loh ya ,0,0,0,117,https://x.com/vampyrehollie/status/1969953987471532482,https://x.com/barengwarga/status/1969715521626259855,0
2025-09-22 02:31:35+00:00,snowflakemlet,"ini yg ngebrief jelek bgt deh wkwkwk tp mungkin dia berasa keren kek udah oke bgt nih, udah gahar bgt but this is actually cringe af",0,0,0,338,https://x.com/snowflakemlet/status/1969952687220523033,https://x.com/barengwarga/status/1969715521626259855,0
2025-09-22 02:27:42+00:00,br0kenw0rd,Alhamdulillah buzzer ga paham seo writing and copywriting jd lbh mudah dikenali^^,0,0,0,93,https://x.com/br0kenw0rd/status/1969951710673318309,https://x.com/barengwarga/status/1969715521626259855,0
2025-09-22 02:26:26+00:00,tinaparvati,Menanti pemuka agamaku mengharamkan pekerjaan pendengung ini.,0,0,0,29,https://x.com/tinaparvati/status/1969951391176438087,https://x.com/barengwarga/status/1969715521626259855,0
2025-09-22 01:11:39+00:00,potatoandsuch,akun2 itu pake AI buat generate response it’s like template bgt. duh duit pajak gue dipake buat bayar gituan gue ngga ikhlas. gue sumpahin mereka semua jari2nya membusuk.,0,0,0,245,https://x.com/potatoandsuch/status/1969932571091116259,https://x.com/barengwarga/status/1969715521626259855,0
2025-09-22 01:08:48+00:00,prttymyoui,sedih banget duit pajak kita buat bayar buzzer,0,0,0,44,https://x.com/prttymyoui/status/1969931857258315783,https://x.com/barengwarga/status/1969715521626259855,0
2025-09-22 00:54:20+00:00,ilydhjn,"warga udah banyak belajar dari buzzer, mereka biasa pake akun pfp kpop yang inaktif, kripto isinya rt an nft semua atau pure kosongan ",0,1,0,138,https://x.com/ilydhjn/status/1969928215293775876,https://x.com/barengwarga/status/1969715521626259855,1
2025-09-23 11:46:55+00:00,kyledavid1261,Negara lain yg demo tuh semua rakyatnya kompak. Lah di Indo rakyatnya malah pedot pada jadi buzzer murahan,0,0,0,22,https://x.com/kyledavid1261/status/1970454829148598359,https://x.com/barengwarga/status/1969713074950357093,0
2025-09-23 06:16:43+00:00,tiwayitrackeu,Indonesia tuh susah dah warganya buat bner bner jadi satu ,1,0,0,141,https://x.com/tiwayitrackeu/status/1970371732612751646,https://x.com/barengwarga/status/1969713074950357093,1
2025-09-23 04:07:49+00:00,budwige_onecho,Gak ada yang bakar2an dan penjarahan kah ?,0,0,0,41,https://x.com/budwige_onecho/status/1970339295610446244,https://x.com/barengwarga/status/1969713074950357093,0
2025-09-23 02:43:18+00:00,syrupkacang,Udh mau dittd gak nih surat darurat militernya?,0,0,0,32,https://x.com/syrupkacang/status/1970318025170804765,https://x.com/barengwarga/status/1969713074950357093,0
2025-09-23 00:00:17+00:00,febrianppkw,Tapi polisi di sana ngga dzolim ke warga kan yah?,0,0,0,97,https://x.com/febrianppkw/status/1970276998351331768,https://x.com/barengwarga/status/1969713074950357093,0
2025-09-22 01:20:00+00:00,enter_nusantara,"Maka daripada itu gerakan yang kita lakukan kemarin di beberapa wilayah Indonesia, tidak ada yang sia-sia dan pergerakan kita berhasil menginspirasi beberapa gerakan yang terjadi di belahan dunia lain. 

Maka teruslah melawan dengan cara apapun dan cara yang sehormat-hormatnya.",0,0,0,82,https://x.com/enter_nusantara/status/1969934675704787380,https://x.com/barengwarga/status/1969713074950357093,0
2025-09-22 01:16:45+00:00,cipicapadumb,kita lah yang disebut antek asing itu,0,0,0,86,https://x.com/cipicapadumb/status/1969933855324074081,https://x.com/barengwarga/status/1969713074950357093,0
2025-09-22 01:15:47+00:00,mbemsssss,Di indon anyeppp,0,0,0,73,https://x.com/mbemsssss/status/1969933613686042714,https://x.com/barengwarga/status/1969713074950357093,0
2025-09-22 01:03:08+00:00,Monoster16,Nakama makin banyak yah ,0,0,0,29,https://x.com/Monoster16/status/1969930430381203467,https://x.com/barengwarga/status/1969713074950357093,0
2025-09-22 00:50:33+00:00,rightsidemyneck,inspired by ,0,0,0,135,https://x.com/rightsidemyneck/status/1969927260393341014,https://x.com/barengwarga/status/1969713074950357093,0
2025-09-22 00:00:41+00:00,barudakfixon,"Ahhh senangnyaaaa. Selamat pagi, dunia bebas fasis kapitalis kroni ",0,0,0,115,https://x.com/barudakfixon/status/1969914712159908061,https://x.com/barengwarga/status/1969713074950357093,0
2025-09-21 13:29:02+00:00,Chaste_2,Menunggu masa dimana orang demi bawa bendera MU.,0,0,0,89,https://x.com/Chaste_2/status/1969755753570570255,https://x.com/barengwarga/status/1969713074950357093,0
2025-09-21 13:27:31+00:00,digebok1ngkong,Grabeee,0,0,0,35,https://x.com/digebok1ngkong/status/1969755371050025018,https://x.com/barengwarga/status/1969713074950357093,0
2025-09-21 13:04:35+00:00,ga_pake_cabe,"Wah polisinya pake seragam biasa kayak lagi tugas, bukan pake tameng kayak lagi mau perang",0,0,0,308,https://x.com/ga_pake_cabe/status/1969749599234785650,https://x.com/barengwarga/status/1969713074950357093,0
2025-09-21 12:55:34+00:00,petrichorliq,kita adalah antek asing,0,0,0,116,https://x.com/petrichorliq/status/1969747332062482530,https://x.com/barengwarga/status/1969713074950357093,0
2025-09-21 12:45:35+00:00,chiizramyun,coyyyy temen yang gue temuin di bis tour zaanse schans juga ikutan anjay #seablings,0,0,0,212,https://x.com/chiizramyun/status/1969744819141620127,https://x.com/barengwarga/status/1969713074950357093,0
2025-09-21 12:43:20+00:00,wisteriaarain,"saw some moots posted that they joined this march, good luck my SEAster ",0,0,0,162,https://x.com/wisteriaarain/status/1969744251828539638,https://x.com/barengwarga/status/1969713074950357093,0
2025-09-21 12:32:54+00:00,kazirinkiz,Kitalah antek asing tersebut,0,0,0,132,https://x.com/kazirinkiz/status/1969741627305730243,https://x.com/barengwarga/status/1969713074950357093,0
2025-09-21 12:09:20+00:00,quatrevightdix,"From Pati to Paris, to Manila ",0,0,0,132,https://x.com/quatrevightdix/status/1969735697641926907,https://x.com/barengwarga/status/1969713074950357093,0
2025-09-21 11:37:14+00:00,forestjedy,"From Nepal to Philippines, Jangan-jangan kitalah ""pengaruh asing"" itu ‍",0,0,0,186,https://x.com/forestjedy/status/1969727615771762724,https://x.com/barengwarga/status/1969713074950357093,0
2025-09-21 11:26:16+00:00,raisabino,Ih ude gue order ah di syopi  dari sebelum 17an gak jadi jadi,0,0,0,133,https://x.com/raisabino/status/1969724857899458762,https://x.com/barengwarga/status/1969713074950357093,0
2025-09-21 11:18:12+00:00,poccariee,kitalah antek asing tsb,0,0,0,308,https://x.com/poccariee/status/1969722828221292788,https://x.com/barengwarga/status/1969713074950357093,0
2025-09-21 11:02:56+00:00,smthngnotreally,"klo ntar ada demo lg, gue pen ikut plis",0,0,0,150,https://x.com/smthngnotreally/status/1969718987845255302,https://x.com/barengwarga/status/1969713074950357093,0
2025-09-21 10:57:54+00:00,puri__nim,Warga kitalah antek Aseng di negeri orang itu,0,0,0,317,https://x.com/puri__nim/status/1969717720049729925,https://x.com/barengwarga/status/1969713074950357093,0
2025-09-21 10:42:17+00:00,yeaaaayee,ini baru bisa dibilang bangsa besar,0,0,0,167,https://x.com/yeaaaayee/status/1969713788351021439,https://x.com/barengwarga/status/1969713074950357093,0
2025-09-24 11:19:50+00:00,masjalu_17,"Selama mereka masih bebal dan mudah dibeli, bahkan hanya dengan uang 700 perak per twit, pendengung pro-pemerintah ini tidak akan sadar betapa berbahayanya apa yg mereka lakukan, kecuali jika ia atau anggota keluarganya menjadi korban penghilangan orang, naudzubillah min dzalik.",0,0,0,41,https://x.com/masjalu_17/status/1970810404386545952,https://x.com/barengwarga/status/1969703722528969154,0
2025-09-23 11:44:15+00:00,BaekPago__,"Ampe gedeg parag baca narasi bodoh ""main ilang ilangan"" ini, emang orang kalo belum kena dia atau keluarganya simpati ama empati nya masih pilih pilih.",0,0,0,22,https://x.com/BaekPago__/status/1970454160798818689,https://x.com/barengwarga/status/1969703722528969154,0
2025-09-23 08:43:46+00:00,67fitriaNingsih,"Anggap saja penonton bayaran min. Penonton bayaran mana mungkin bisa netral.. dalam melihat segala sesuatu.. so fokus saja sama yang masih di tahan dan masih hilang. 
@barengwarga",0,0,0,11,https://x.com/67fitriaNingsih/status/1970408740575944821,https://x.com/barengwarga/status/1969703722528969154,0
2025-09-23 06:52:50+00:00,scaranekko," Ibu peduli ga sama mereka yang hilang
 Peduli..
 Nama mereka siapa?
 ... (kicep)",0,0,0,23,https://x.com/scaranekko/status/1970380823485694410,https://x.com/barengwarga/status/1969703722528969154,0
2025-09-23 04:10:24+00:00,ngopidulsbang,si ibu² sibuk bahas dfk tanpa sadar dia sndiri dfk + bukti yg dia bawa justru memperkuat pernyataan bang ferry ,1,0,0,84,https://x.com/ngopidulsbang/status/1970339942745399340,https://x.com/barengwarga/status/1969703722528969154,1
2025-09-22 11:39:40+00:00,nabilenma_,"gila demi 700 perak aja moralnya bisa dimatiin yak orang orang dongo itu, dikasih 300 ribu buat kawin ama monyet juga mau anjg itu itu orang tai",0,0,0,112,https://x.com/nabilenma_/status/1970090617616372207,https://x.com/barengwarga/status/1969703722528969154,0
2025-09-22 07:00:11+00:00,ttuulliipp_,pusing bgt tiap hari bacain berita negara yg kya taik ini,0,0,0,118,https://x.com/ttuulliipp_/status/1970020282028191925,https://x.com/barengwarga/status/1969703722528969154,0
2025-09-22 05:19:17+00:00,nahidevatta,almost the whole replies are buzzerss ,0,0,0,41,https://x.com/nahidevatta/status/1969994891754406072,https://x.com/barengwarga/status/1969703722528969154,0
2025-09-22 03:58:27+00:00,ochidzz,"bajingan banget dah, maju sini anjing buzzer kontol",0,0,0,83,https://x.com/ochidzz/status/1969974549069627647,https://x.com/barengwarga/status/1969703722528969154,0
2025-09-22 02:48:19+00:00,lightinamber,"gue rasa  yang jaman sekarang masih ngebuzzer mah emang beneran gak takut neraka.
mereka kira apa yang mereka kerjain sekarang bakal kekal selamanya di dunia. 
amit amit",0,0,0,52,https://x.com/lightinamber/status/1969956900050714722,https://x.com/barengwarga/status/1969703722528969154,0
2025-09-22 01:47:07+00:00,Klee_Baby_Chuu,"Mari kita berdoa para buzzer masuk neraka karena nerima uang sogokan dari para koruptor, alias mereka juga nerima duit korupsi njing 
@aricohhhh",2,0,0,198,https://x.com/Klee_Baby_Chuu/status/1969941497077526606,https://x.com/barengwarga/status/1969703722528969154,2
2025-09-22 01:01:32+00:00,BudiBukanIntel,"Block mute list baru nih replynya bw, nongol semua bajer wkkw",5,56,0,10166,https://x.com/BudiBukanIntel/status/1969930026184556956,https://x.com/barengwarga/status/1969703722528969154,61
2025-09-22 00:27:00+00:00,ikanjunpang,"Pro pemerintah? Mang ada? 
Buzzer pemerintah kli maksudnya",0,0,0,86,https://x.com/ikanjunpang/status/1969921337184645610,https://x.com/barengwarga/status/1969703722528969154,0
2025-09-22 00:23:17+00:00,jjkags,"Najis bgt emg pro pemerintah ini, sodaraku juga ada yg masih hardcore belain si Wowok anjinkkkk gila bgt kalau baca story2nya yg babying Wowok. Aku sampe mikir kalau sodara dia yg lain ilang/keracunan MBG jg ga bakal nyalahin pemerintah si dongo ini",0,0,0,75,https://x.com/jjkags/status/1969920398801383424,https://x.com/barengwarga/status/1969703722528969154,0
2025-09-21 21:15:45+00:00,Beatrixdess,Bjir banyak calon penghuni neraka (buzzer pemerintah),0,0,0,112,https://x.com/Beatrixdess/status/1969873208263455208,https://x.com/barengwarga/status/1969703722528969154,0
2025-09-21 20:41:05+00:00,bungkikal99,"Perkara KETIKAN aja dimasalahin ama buzzer Pemerintah.....

noh orang ilang keluarganya nyariin diapain tuh, dibuang yak kayak korban 98!!!",0,0,0,49,https://x.com/bungkikal99/status/1969864484073431513,https://x.com/barengwarga/status/1969703722528969154,0
2025-09-21 17:15:33+00:00,navienbleu,rep nya anjir panen buzzer,1,0,0,157,https://x.com/navienbleu/status/1969812757571834073,https://x.com/barengwarga/status/1969703722528969154,1
2025-09-21 15:03:30+00:00,hyukssii,Buzzer X banyak bgt skrg. Kesel bgt pajak gue lari ke tweet seratus perak orang2 ini?????,0,0,0,112,https://x.com/hyukssii/status/1969779525392470240,https://x.com/barengwarga/status/1969703722528969154,0
2025-09-21 14:05:29+00:00,zfmramli,Emang. Se brengsek2 nya masyarakat Indon saat ini adalah mereka yg menyerahkan akal dan jiwa nya utk jadi buzzer rezim.,0,0,0,170,https://x.com/zfmramli/status/1969764925624230365,https://x.com/barengwarga/status/1969703722528969154,0
2025-09-21 14:02:10+00:00,b0lutape,Buset replynya..,0,0,0,338,https://x.com/b0lutape/status/1969764090446004562,https://x.com/barengwarga/status/1969703722528969154,0
2025-09-21 13:40:15+00:00,jakenelayan,"ngomongin ini temen gua yg cinta polisi dan prabowo abis, dia cuma ngerasa polisi salah di kematian affan doang (itu juga ngeles) sedangkan korban yg lain katanya itu karna pada anarkis, cape bgt gua sumpah sampe berbusa juga tetep pada bebal",0,0,0,105,https://x.com/jakenelayan/status/1969758577339621736,https://x.com/barengwarga/status/1969703722528969154,0
2025-09-21 11:43:22+00:00,bluejhanz,"Buset bot buzzernya keluar semua, emang negara bener-bener lagi sakit.",0,0,0,74,https://x.com/bluejhanz/status/1969729162912186447,https://x.com/barengwarga/status/1969703722528969154,0
2025-09-21 11:34:58+00:00,pilirounce,Isi repnya udah kayak bot suger deddi & cs bank palsu,0,0,0,353,https://x.com/pilirounce/status/1969727047095517369,https://x.com/barengwarga/status/1969703722528969154,0
2025-09-21 11:24:12+00:00,marukonahu,"Nge-mute, block dan report as spam akun2 buzzer rezim.",0,0,0,35,https://x.com/marukonahu/status/1969724337793216715,https://x.com/barengwarga/status/1969703722528969154,0
2025-09-21 11:19:56+00:00,cytophatic,Tolong empatinya wahai penguasa,0,0,0,142,https://x.com/cytophatic/status/1969723262952468800,https://x.com/barengwarga/status/1969703722528969154,0
2025-09-21 11:16:06+00:00,WPTegar,"Mereka ga peduli karena bukan mereka yang mati. Gw juga ga yakin kalo keluarga mereka sendiri yang mati mereka bakal peduli, kan Tuhan mereka uang.",0,0,0,308,https://x.com/WPTegar/status/1969722300791660553,https://x.com/barengwarga/status/1969703722528969154,0
2025-09-21 10:59:45+00:00,peppermintbutl_,Cepet cepet deh dateng azab buat pemerintah dan buzzer negara ini,0,0,0,96,https://x.com/peppermintbutl_/status/1969718186636628050,https://x.com/barengwarga/status/1969703722528969154,0
2025-09-21 10:57:41+00:00,barabaeisberabe,"Pendengung pro-pemerintah ini brengseknya udah keterlaluan.

44 orang dilaporkan hilang dan 33 ditemukan di kantor polisi, lalu berangsur-angsur ditemukan hingga tersisa 3 orang.

Ada satu dari tiga yang ditemukan, bima. Saat publik bersyukur dan keluarga bernapas lega, mereka x.com/BudiBukanIntel…",0,0,0,134,https://x.com/barabaeisberabe/status/1969717663091061242,https://x.com/barengwarga/status/1969703722528969154,0
2025-09-21 10:54:16+00:00,whythemoons,emosi bgt gw liat komennya dipenuhin bajer,0,0,0,259,https://x.com/whythemoons/status/1969716806865842354,https://x.com/barengwarga/status/1969703722528969154,0
2025-09-21 10:53:04+00:00,natissante,orang2 pro pemerintah ini demen banget nge counter satu masalah dengan masalah lain gitu bukannya nyelsain konflik yg lagi dibahas,0,0,0,434,https://x.com/natissante/status/1969716503215051056,https://x.com/barengwarga/status/1969703722528969154,0
2025-09-22 10:45:40+00:00,Margaputra2907,"Tidak pantas disebut PANGERAN.,yg ada manusia penipu satu negara.",0,0,0,6,https://x.com/Margaputra2907/status/1970077029593964598,https://x.com/barengwarga/status/1969691649258504670,0
2025-09-22 04:51:43+00:00,ganyongLZT,Lord kibulinrakyat,0,0,0,12,https://x.com/ganyongLZT/status/1969987955449286728,https://x.com/barengwarga/status/1969691649258504670,0
2025-09-21 10:07:09+00:00,Jaeprak1,Anjing bgt,0,0,0,88,https://x.com/Jaeprak1/status/1969704948091994249,https://x.com/barengwarga/status/1969691649258504670,0
2025-09-21 10:05:12+00:00,themeowed,"BUSETTT BENER-BENER DZALIM, JAHAT, BRENGSEK DILUAR NALAR. API NERAKA GAK CUKUP BUAT JD KARMANYA
#NEPALKAN",0,0,0,54,https://x.com/themeowed/status/1969704458532892683,https://x.com/barengwarga/status/1969691649258504670,0
2025-09-21 09:32:47+00:00,BudiBukanIntel,Setor hafalan ,6,8,0,9325,https://x.com/BudiBukanIntel/status/1969696297411297632,https://x.com/barengwarga/status/1969691649258504670,14
2025-09-22 12:12:05+00:00,shortofespresso,Merawat ingatan!!! Kawan kita masih hilang.,0,0,0,27,https://x.com/shortofespresso/status/1970098777647469042,https://x.com/barengwarga/status/1969476021809557612,0
2025-09-21 14:28:49+00:00,Aku_damaa_,"Dan sampe sekarang ada manusia2 kontol yg lebih fokus ke kata ""dihilangkan"" daripada korban hilang",0,0,0,51,https://x.com/Aku_damaa_/status/1969770800120209647,https://x.com/barengwarga/status/1969476021809557612,0
2025-09-21 09:58:58+00:00,1flow_maxies,Never forget,0,0,0,45,https://x.com/1flow_maxies/status/1969702887728250996,https://x.com/barengwarga/status/1969476021809557612,0
2025-09-21 02:02:31+00:00,chovper,GUYYYYYS,0,6,0,12540,https://x.com/chovper/status/1969582985319236017,https://x.com/barengwarga/status/1969476021809557612,6
2025-09-21 01:17:19+00:00,Lucivaaah,"hilang or dihilangkan ?
@DivHumas_Polri
 
@Divpropam
 
@ListyoSigitP
 @prabowo
 @jokowi",0,0,0,122,https://x.com/Lucivaaah/status/1969571609846693943,https://x.com/barengwarga/status/1969476021809557612,0
2025-09-20 23:40:59+00:00,BudiBukanIntel,"Masih hilang, masih dicari, tapi bajer polsek lebih milih ributin diksi dihilangkan tempo sambil bawa bawa ferry al ghaib",7,770,0,39890,https://x.com/BudiBukanIntel/status/1969547365532254353,https://x.com/barengwarga/status/1969476021809557612,777
2025-09-20 18:58:55+00:00,·,oh shit,0,0,0,6527,https://x.com/mynameissuyyy/status/1969476382796497125,https://x.com/barengwarga/status/1969476021809557612,0
2025-09-22 11:54:10+00:00,tyasfirmantyo,"Soal informasi:
Informasi mengalir ke satu sumber dan tidak diizinkan ada aliran alternatif informasi bagi warga.",0,0,0,43,https://x.com/tyasfirmantyo/status/1970094265217990772,https://x.com/barengwarga/status/1969450319949312481,0
2025-09-21 23:35:05+00:00,midiokerrr,"7 nggak

8 iya",0,0,0,236,https://x.com/midiokerrr/status/1969908269172089249,https://x.com/barengwarga/status/1969450319949312481,0
2025-09-21 11:48:38+00:00,·,Ini mah novel 1984 min ,0,0,0,31,https://x.com/syaffocation/status/1969730485833392494,https://x.com/barengwarga/status/1969450319949312481,0
2025-09-21 03:24:50+00:00,mlbblsfussion,we’re turning into korut ,0,0,0,57,https://x.com/mlbblsfussion/status/1969603699690651791,https://x.com/barengwarga/status/1969450319949312481,0
2025-09-21 00:59:37+00:00,tokopedhiya,"repost via quote, lagi restrict ajg",0,0,0,104,https://x.com/tokopedhiya/status/1969567154392744189,https://x.com/barengwarga/status/1969450319949312481,0
2025-09-20 22:57:21+00:00,beautydyah,Mirip sama keadaan saat ini ya?,0,0,0,53,https://x.com/beautydyah/status/1969536384982794390,https://x.com/barengwarga/status/1969450319949312481,0
2025-09-20 20:04:15+00:00,kIickidykIock,susah emang korut tenggara,0,0,0,16,https://x.com/kIickidykIock/status/1969492824732442937,https://x.com/barengwarga/status/1969450319949312481,0
2025-09-20 18:06:33+00:00,unscentedmead,Nomor 3 ilang,0,0,0,101,https://x.com/unscentedmead/status/1969463206440812815,https://x.com/barengwarga/status/1969450319949312481,0
